{
    "v": "5.6.3",
    "fr": 30,
    "ip": 0,
    "op": 60,
    "w": 150,
    "h": 150,
    "nm": "call green",
    "ddd": 0,
    "assets": [],
    "layers": [
        {
            "ddd": 0,
            "ind": 1,
            "ty": 4,
            "nm": "phone",
            "sr": 1,
            "ks": {
                "o": { "a": 0, "k": 100, "ix": 11 },
                "r": {
                    "a": 1,
                    "k": [
                        {
                            "i": { "x": [0.833], "y": [0.833] },
                            "o": { "x": [0.167], "y": [0.167] },
                            "t": 5,
                            "s": [-4]
                        },
                        {
                            "i": { "x": [0.833], "y": [0.833] },
                            "o": { "x": [0.167], "y": [0.167] },
                            "t": 8.879,
                            "s": [-8]
                        },
                        {
                            "i": { "x": [0.833], "y": [0.833] },
                            "o": { "x": [0.167], "y": [0.167] },
                            "t": 12.759,
                            "s": [4]
                        },
                        {
                            "i": { "x": [0.833], "y": [0.833] },
                            "o": { "x": [0.167], "y": [0.167] },
                            "t": 16.638,
                            "s": [-8]
                        },
                        {
                            "i": { "x": [0.833], "y": [0.833] },
                            "o": { "x": [0.167], "y": [0.167] },
                            "t": 20.517,
                            "s": [4]
                        },
                        {
                            "i": { "x": [0.833], "y": [0.833] },
                            "o": { "x": [0.167], "y": [0.167] },
                            "t": 24.397,
                            "s": [-8]
                        },
                        {
                            "i": { "x": [0.833], "y": [0.833] },
                            "o": { "x": [0.167], "y": [0.167] },
                            "t": 28.275,
                            "s": [4]
                        },
                        { "t": 32, "s": [-4] }
                    ],
                    "ix": 10
                },
                "p": { "a": 0, "k": [75, 75, 0], "ix": 2 },
                "a": { "a": 0, "k": [0, 0, 0], "ix": 1 },
                "s": { "a": 0, "k": [94, 94, 100], "ix": 6 }
            },
            "ao": 0,
            "shapes": [
                {
                    "ty": "gr",
                    "it": [
                        {
                            "ind": 0,
                            "ty": "sh",
                            "ix": 1,
                            "ks": {
                                "a": 0,
                                "k": {
                                    "i": [
                                        [7.165, -13.804],
                                        [-7.226, -11.159],
                                        [0, 0],
                                        [-11.625, 8],
                                        [3.439, 0.824],
                                        [4.25, -0.25],
                                        [0.254, 2.542],
                                        [-0.606, 3.985]
                                    ],
                                    "o": [
                                        [-1.79, 3.974],
                                        [4.902, 8.3],
                                        [0, 0],
                                        [10.511, -6.31],
                                        [-5.375, 0.937],
                                        [-4.25, 0.25],
                                        [1.625, -4.5],
                                        [0.298, -3.341]
                                    ],
                                    "v": [
                                        [-23.013, -21.156],
                                        [-20.109, 0.263],
                                        [-4.762, 18.424],
                                        [20.625, 21.75],
                                        [14.75, 5.5],
                                        [6, 10.125],
                                        [-9.5, -6.875],
                                        [-5.114, -15.082]
                                    ],
                                    "c": true
                                },
                                "ix": 2
                            },
                            "nm": "路径 1",
                            "mn": "ADBE Vector Shape - Group",
                            "hd": false
                        },
                        {
                            "ty": "fl",
                            "c": { "a": 0, "k": [1, 1, 1, 1], "ix": 4 },
                            "o": { "a": 0, "k": 100, "ix": 5 },
                            "r": 1,
                            "bm": 0,
                            "nm": "填充 1",
                            "mn": "ADBE Vector Graphic - Fill",
                            "hd": false
                        },
                        {
                            "ty": "tr",
                            "p": { "a": 0, "k": [0, 0], "ix": 2 },
                            "a": { "a": 0, "k": [0, 0], "ix": 1 },
                            "s": { "a": 0, "k": [100, 100], "ix": 3 },
                            "r": { "a": 0, "k": 0, "ix": 6 },
                            "o": { "a": 0, "k": 100, "ix": 7 },
                            "sk": { "a": 0, "k": 0, "ix": 4 },
                            "sa": { "a": 0, "k": 0, "ix": 5 },
                            "nm": "变换"
                        }
                    ],
                    "nm": "形状 1",
                    "np": 3,
                    "cix": 2,
                    "bm": 0,
                    "ix": 1,
                    "mn": "ADBE Vector Group",
                    "hd": false
                }
            ],
            "ip": 0,
            "op": 59,
            "st": 0,
            "bm": 0
        },
        {
            "ddd": 0,
            "ind": 2,
            "ty": 4,
            "nm": "circle",
            "sr": 1,
            "ks": {
                "o": { "a": 0, "k": 100, "ix": 11 },
                "r": { "a": 0, "k": 0, "ix": 10 },
                "p": { "a": 0, "k": [75, 75, 0], "ix": 2 },
                "a": { "a": 0, "k": [0, 0, 0], "ix": 1 },
                "s": {
                    "a": 1,
                    "k": [
                        {
                            "i": { "x": [0.667, 0.667, 0.667], "y": [1, 1, 1] },
                            "o": { "x": [0.333, 0.333, 0.333], "y": [0, 0, 0] },
                            "t": 3,
                            "s": [62.2, 62.2, 100]
                        },
                        {
                            "i": { "x": [0.667, 0.667, 0.667], "y": [1, 1, 1] },
                            "o": { "x": [0.333, 0.333, 0.333], "y": [0, 0, 0] },
                            "t": 29,
                            "s": [70.2, 70.2, 100]
                        },
                        { "t": 55, "s": [62.2, 62.2, 100] }
                    ],
                    "ix": 6
                }
            },
            "ao": 0,
            "shapes": [
                {
                    "ty": "gr",
                    "it": [
                        {
                            "d": 1,
                            "ty": "el",
                            "s": { "a": 0, "k": [150, 150], "ix": 2 },
                            "p": { "a": 0, "k": [0, 0], "ix": 3 },
                            "nm": "Ellipse Path 1",
                            "mn": "ADBE Vector Shape - Ellipse",
                            "hd": false
                        },
                        {
                            "ty": "fl",
                            "c": {
                                "a": 0,
                                "k": [1, 0.5490196078431373, 0.3843137254901961, 1],
                                "ix": 4
                            },
                            "o": { "a": 0, "k": 100, "ix": 5 },
                            "r": 1,
                            "bm": 0,
                            "nm": "填充 1",
                            "mn": "ADBE Vector Graphic - Fill",
                            "hd": false
                        },
                        {
                            "ty": "tr",
                            "p": { "a": 0, "k": [0, 0], "ix": 2 },
                            "a": { "a": 0, "k": [0, 0], "ix": 1 },
                            "s": { "a": 0, "k": [100, 100], "ix": 3 },
                            "r": { "a": 0, "k": 0, "ix": 6 },
                            "o": { "a": 0, "k": 100, "ix": 7 },
                            "sk": { "a": 0, "k": 0, "ix": 4 },
                            "sa": { "a": 0, "k": 0, "ix": 5 },
                            "nm": "变换"
                        }
                    ],
                    "nm": "Ellipse 1",
                    "np": 2,
                    "cix": 2,
                    "bm": 0,
                    "ix": 1,
                    "mn": "ADBE Vector Group",
                    "hd": false
                }
            ],
            "ip": 0,
            "op": 59,
            "st": 0,
            "bm": 0
        },
        {
            "ddd": 0,
            "ind": 3,
            "ty": 4,
            "nm": "circle 4",
            "sr": 1,
            "ks": {
                "o": {
                    "a": 1,
                    "k": [
                        {
                            "i": { "x": [0.833], "y": [0.833] },
                            "o": { "x": [0.167], "y": [0.167] },
                            "t": 5,
                            "s": [25]
                        },
                        { "t": 29, "s": [0] }
                    ],
                    "ix": 11
                },
                "r": { "a": 0, "k": 0, "ix": 10 },
                "p": { "a": 0, "k": [75, 75, 0], "ix": 2 },
                "a": { "a": 0, "k": [0, 0, 0], "ix": 1 },
                "s": {
                    "a": 1,
                    "k": [
                        {
                            "i": { "x": [0.314, 0.314, 0.667], "y": [1, 1, 1] },
                            "o": { "x": [0.167, 0.167, 0.167], "y": [0.167, 0.167, 0] },
                            "t": 3,
                            "s": [62.2, 62.2, 100]
                        },
                        { "t": 29, "s": [100, 100, 100] }
                    ],
                    "ix": 6
                }
            },
            "ao": 0,
            "shapes": [
                {
                    "ty": "gr",
                    "it": [
                        {
                            "d": 1,
                            "ty": "el",
                            "s": { "a": 0, "k": [150, 150], "ix": 2 },
                            "p": { "a": 0, "k": [0, 0], "ix": 3 },
                            "nm": "Ellipse Path 1",
                            "mn": "ADBE Vector Shape - Ellipse",
                            "hd": false
                        },
                        {
                            "ty": "tr",
                            "p": { "a": 0, "k": [0, 0], "ix": 2 },
                            "a": { "a": 0, "k": [0, 0], "ix": 1 },
                            "s": { "a": 0, "k": [100, 100], "ix": 3 },
                            "r": { "a": 0, "k": 0, "ix": 6 },
                            "o": { "a": 0, "k": 100, "ix": 7 },
                            "sk": { "a": 0, "k": 0, "ix": 4 },
                            "sa": { "a": 0, "k": 0, "ix": 5 },
                            "nm": "变换"
                        }
                    ],
                    "nm": "Ellipse 1",
                    "np": 1,
                    "cix": 2,
                    "bm": 0,
                    "ix": 1,
                    "mn": "ADBE Vector Group",
                    "hd": false
                },
                {
                    "ty": "fl",
                    "c": { "a": 0, "k": [1, 0.5490196078431373, 0.3843137254901961, 1], "ix": 4 },
                    "o": { "a": 0, "k": 100, "ix": 5 },
                    "r": 1,
                    "bm": 0,
                    "nm": "Fill 1",
                    "mn": "ADBE Vector Graphic - Fill",
                    "hd": false
                }
            ],
            "ip": 0,
            "op": 59,
            "st": 0,
            "bm": 0
        },
        {
            "ddd": 0,
            "ind": 4,
            "ty": 4,
            "nm": "circle 5",
            "sr": 1,
            "ks": {
                "o": {
                    "a": 1,
                    "k": [
                        {
                            "i": { "x": [0.833], "y": [0.833] },
                            "o": { "x": [0.167], "y": [0.167] },
                            "t": 10,
                            "s": [25]
                        },
                        { "t": 34, "s": [0] }
                    ],
                    "ix": 11
                },
                "r": { "a": 0, "k": 0, "ix": 10 },
                "p": { "a": 0, "k": [75, 75, 0], "ix": 2 },
                "a": { "a": 0, "k": [0, 0, 0], "ix": 1 },
                "s": {
                    "a": 1,
                    "k": [
                        {
                            "i": { "x": [0.314, 0.314, 0.667], "y": [1, 1, 1] },
                            "o": { "x": [0.167, 0.167, 0.167], "y": [0.167, 0.167, 0] },
                            "t": 8,
                            "s": [62.2, 62.2, 100]
                        },
                        { "t": 34, "s": [100, 100, 100] }
                    ],
                    "ix": 6
                }
            },
            "ao": 0,
            "shapes": [
                {
                    "ty": "gr",
                    "it": [
                        {
                            "d": 1,
                            "ty": "el",
                            "s": { "a": 0, "k": [150, 150], "ix": 2 },
                            "p": { "a": 0, "k": [0, 0], "ix": 3 },
                            "nm": "Ellipse Path 1",
                            "mn": "ADBE Vector Shape - Ellipse",
                            "hd": false
                        },
                        {
                            "ty": "tr",
                            "p": { "a": 0, "k": [0, 0], "ix": 2 },
                            "a": { "a": 0, "k": [0, 0], "ix": 1 },
                            "s": { "a": 0, "k": [100, 100], "ix": 3 },
                            "r": { "a": 0, "k": 0, "ix": 6 },
                            "o": { "a": 0, "k": 100, "ix": 7 },
                            "sk": { "a": 0, "k": 0, "ix": 4 },
                            "sa": { "a": 0, "k": 0, "ix": 5 },
                            "nm": "变换"
                        }
                    ],
                    "nm": "Ellipse 1",
                    "np": 1,
                    "cix": 2,
                    "bm": 0,
                    "ix": 1,
                    "mn": "ADBE Vector Group",
                    "hd": false
                },
                {
                    "ty": "fl",
                    "c": { "a": 0, "k": [1, 0.5490196078431373, 0.3843137254901961, 1], "ix": 4 },
                    "o": { "a": 0, "k": 100, "ix": 5 },
                    "r": 1,
                    "bm": 0,
                    "nm": "Fill 1",
                    "mn": "ADBE Vector Graphic - Fill",
                    "hd": false
                }
            ],
            "ip": 5,
            "op": 64,
            "st": 5,
            "bm": 0
        },
        {
            "ddd": 0,
            "ind": 5,
            "ty": 4,
            "nm": "circle 3",
            "sr": 1,
            "ks": {
                "o": {
                    "a": 1,
                    "k": [
                        {
                            "i": { "x": [0.833], "y": [0.833] },
                            "o": { "x": [0.167], "y": [0.167] },
                            "t": 15,
                            "s": [25]
                        },
                        { "t": 39, "s": [0] }
                    ],
                    "ix": 11
                },
                "r": { "a": 0, "k": 0, "ix": 10 },
                "p": { "a": 0, "k": [75, 75, 0], "ix": 2 },
                "a": { "a": 0, "k": [0, 0, 0], "ix": 1 },
                "s": {
                    "a": 1,
                    "k": [
                        {
                            "i": { "x": [0.314, 0.314, 0.667], "y": [1, 1, 1] },
                            "o": { "x": [0.167, 0.167, 0.167], "y": [0.167, 0.167, 0] },
                            "t": 13,
                            "s": [62.2, 62.2, 100]
                        },
                        { "t": 39, "s": [100, 100, 100] }
                    ],
                    "ix": 6
                }
            },
            "ao": 0,
            "shapes": [
                {
                    "ty": "gr",
                    "it": [
                        {
                            "d": 1,
                            "ty": "el",
                            "s": { "a": 0, "k": [150, 150], "ix": 2 },
                            "p": { "a": 0, "k": [0, 0], "ix": 3 },
                            "nm": "Ellipse Path 1",
                            "mn": "ADBE Vector Shape - Ellipse",
                            "hd": false
                        },
                        {
                            "ty": "tr",
                            "p": { "a": 0, "k": [0, 0], "ix": 2 },
                            "a": { "a": 0, "k": [0, 0], "ix": 1 },
                            "s": { "a": 0, "k": [100, 100], "ix": 3 },
                            "r": { "a": 0, "k": 0, "ix": 6 },
                            "o": { "a": 0, "k": 100, "ix": 7 },
                            "sk": { "a": 0, "k": 0, "ix": 4 },
                            "sa": { "a": 0, "k": 0, "ix": 5 },
                            "nm": "变换"
                        }
                    ],
                    "nm": "Ellipse 1",
                    "np": 1,
                    "cix": 2,
                    "bm": 0,
                    "ix": 1,
                    "mn": "ADBE Vector Group",
                    "hd": false
                },
                {
                    "ty": "fl",
                    "c": { "a": 0, "k": [1, 0.5490196078431373, 0.3843137254901961, 1], "ix": 4 },
                    "o": { "a": 0, "k": 100, "ix": 5 },
                    "r": 1,
                    "bm": 0,
                    "nm": "Fill 1",
                    "mn": "ADBE Vector Graphic - Fill",
                    "hd": false
                }
            ],
            "ip": 10,
            "op": 69,
            "st": 10,
            "bm": 0
        }
    ],
    "markers": []
}
