{
  "v": "5.5.7",
  "meta": {
    "g": "LottieFiles AE 0.1.20",
    "a": "",
    "k": "",
    "d": "",
    "tc": "#FFFFFF"
  },
  "fr": 25,
  "ip": 0,
  "op": 60,
  "w": 426,
  "h": 426,
  "nm": "Bean/Check bean",
  "ddd": 0,
  "assets": [],
  "layers": [
    {
      "ddd": 0,
      "ind": 1,
      "ty": 4,
      "nm": "Ombre",
      "sr": 1,
      "ks": {
        "o": { "a": 0, "k": 100, "ix": 11 },
        "r": { "a": 0, "k": 0, "ix": 10 },
        "p": {
          "a": 1,
          "k": [
            {
              "i": { "x": 0.833, "y": 0.833 },
              "o": { "x": 0.167, "y": 0.167 },
              "t": 1,
              "s": [-80.375, 333, 0],
              "to": [46.5, 0, 0],
              "ti": [-94, 0, 0]
            },
            {
              "i": { "x": 0.833, "y": 0.833 },
              "o": { "x": 0.167, "y": 0.167 },
              "t": 25,
              "s": [198.625, 333, 0],
              "to": [1.058, 0, 0],
              "ti": [-0.627, 0, 0]
            },
            {
              "i": { "x": 0.833, "y": 0.833 },
              "o": { "x": 0.167, "y": 0.167 },
              "t": 26,
              "s": [200.249, 333.375, 0],
              "to": [4.753, 0, 0],
              "ti": [-8.725, 0, 0]
            },
            {
              "i": { "x": 0.833, "y": 0.833 },
              "o": { "x": 0.167, "y": 0.167 },
              "t": 29,
              "s": [208.629, 333, 0],
              "to": [92.332, 0, 0],
              "ti": [-42.91, 0, 0]
            },
            { "t": 45, "s": [483.625, 333, 0] }
          ],
          "ix": 2
        },
        "a": { "a": 0, "k": [204.5, 330.5, 0], "ix": 1 },
        "s": { "a": 0, "k": [125, 100, 100], "ix": 6 }
      },
      "ao": 0,
      "shapes": [
        {
          "ty": "gr",
          "it": [
            {
              "ind": 0,
              "ty": "sh",
              "ix": 1,
              "ks": {
                "a": 0,
                "k": {
                  "i": [
                    [0, 0],
                    [0, 0]
                  ],
                  "o": [
                    [0, 0],
                    [0, 0]
                  ],
                  "v": [
                    [173.329, 331.107],
                    [236.939, 331.107]
                  ],
                  "c": false
                },
                "ix": 2
              },
              "nm": "Tracé 1",
              "mn": "ADBE Vector Shape - Group",
              "hd": false
            },
            {
              "ty": "st",
              "c": {
                "a": 0,
                "k": [0.69411758722, 0.69411758722, 0.69411758722, 1],
                "ix": 3
              },
              "o": { "a": 0, "k": 100, "ix": 4 },
              "w": { "a": 0, "k": 8, "ix": 5 },
              "lc": 2,
              "lj": 2,
              "bm": 0,
              "nm": "Contour 1",
              "mn": "ADBE Vector Graphic - Stroke",
              "hd": false
            },
            {
              "ty": "tr",
              "p": { "a": 0, "k": [0, 0], "ix": 2 },
              "a": { "a": 0, "k": [0, 0], "ix": 1 },
              "s": { "a": 0, "k": [100, 100], "ix": 3 },
              "r": { "a": 0, "k": 0, "ix": 6 },
              "o": { "a": 0, "k": 100, "ix": 7 },
              "sk": { "a": 0, "k": 0, "ix": 4 },
              "sa": { "a": 0, "k": 0, "ix": 5 },
              "nm": "Transformer "
            }
          ],
          "nm": "Groupe 1",
          "np": 2,
          "cix": 2,
          "bm": 0,
          "ix": 1,
          "mn": "ADBE Vector Group",
          "hd": false
        },
        {
          "ty": "tm",
          "s": {
            "a": 1,
            "k": [
              {
                "i": { "x": [0.833], "y": [0.833] },
                "o": { "x": [0.167], "y": [0.167] },
                "t": 5,
                "s": [21]
              },
              {
                "i": { "x": [0.833], "y": [0.833] },
                "o": { "x": [0.167], "y": [0.167] },
                "t": 25,
                "s": [0]
              },
              {
                "i": { "x": [0.833], "y": [0.833] },
                "o": { "x": [0.167], "y": [0.167] },
                "t": 26,
                "s": [0]
              },
              {
                "i": { "x": [0.833], "y": [0.833] },
                "o": { "x": [0.167], "y": [0.167] },
                "t": 27,
                "s": [16]
              },
              {
                "i": { "x": [0.833], "y": [0.833] },
                "o": { "x": [0.167], "y": [0.167] },
                "t": 32,
                "s": [12.889]
              },
              { "t": 45, "s": [47] }
            ],
            "ix": 1
          },
          "e": {
            "a": 1,
            "k": [
              {
                "i": { "x": [0.833], "y": [0.833] },
                "o": { "x": [0.167], "y": [0.167] },
                "t": 5,
                "s": [55]
              },
              {
                "i": { "x": [0.833], "y": [0.833] },
                "o": { "x": [0.167], "y": [0.167] },
                "t": 25,
                "s": [82]
              },
              {
                "i": { "x": [0.833], "y": [0.833] },
                "o": { "x": [0.167], "y": [0.167] },
                "t": 26,
                "s": [100]
              },
              {
                "i": { "x": [0.833], "y": [3.269] },
                "o": { "x": [0.167], "y": [0] },
                "t": 27,
                "s": [100]
              },
              {
                "i": { "x": [0.833], "y": [0.833] },
                "o": { "x": [0.167], "y": [0.12] },
                "t": 32,
                "s": [100]
              },
              { "t": 45, "s": [51] }
            ],
            "ix": 2
          },
          "o": { "a": 0, "k": 0, "ix": 3 },
          "m": 1,
          "ix": 2,
          "nm": "Réduire les tracés 1",
          "mn": "ADBE Vector Filter - Trim",
          "hd": false
        }
      ],
      "ip": 0,
      "op": 50,
      "st": 0,
      "bm": 0
    },
    {
      "ddd": 0,
      "ind": 2,
      "ty": 4,
      "nm": "Bean",
      "sr": 1,
      "ks": {
        "o": { "a": 0, "k": 100, "ix": 11 },
        "r": {
          "a": 1,
          "k": [
            {
              "i": { "x": [0.833], "y": [0.833] },
              "o": { "x": [0.167], "y": [0.167] },
              "t": 0,
              "s": [-26]
            },
            {
              "i": { "x": [0.833], "y": [0.833] },
              "o": { "x": [0.167], "y": [0.167] },
              "t": 4,
              "s": [5.649]
            },
            {
              "i": { "x": [0.833], "y": [0.833] },
              "o": { "x": [0.167], "y": [0.167] },
              "t": 24,
              "s": [55.649]
            },
            {
              "i": { "x": [0.833], "y": [0.833] },
              "o": { "x": [0.167], "y": [0.167] },
              "t": 28,
              "s": [124.649]
            },
            {
              "i": { "x": [0.833], "y": [0.833] },
              "o": { "x": [0.167], "y": [0.167] },
              "t": 36,
              "s": [130.449]
            },
            { "t": 48, "s": [171.649] }
          ],
          "ix": 10
        },
        "p": {
          "a": 1,
          "k": [
            {
              "i": { "x": 0.833, "y": 0.833 },
              "o": { "x": 0.167, "y": 0.167 },
              "t": 0,
              "s": [-74.5, 139.5, 0],
              "to": [60.513, -28.616, 0],
              "ti": [-140.872, -199.467, 0]
            },
            {
              "i": { "x": 0.833, "y": 0.833 },
              "o": { "x": 0.167, "y": 0.167 },
              "t": 23,
              "s": [184.963, 305.792, 0],
              "to": [2.798, 3.962, 0],
              "ti": [-11.735, -16.759, 0]
            },
            {
              "i": { "x": 0.833, "y": 0.833 },
              "o": { "x": 0.167, "y": 0.167 },
              "t": 24,
              "s": [198.781, 324.938, 0],
              "to": [0.005, 0.007, 0],
              "ti": [0.01, -0.002, 0]
            },
            {
              "i": { "x": 0.833, "y": 0.833 },
              "o": { "x": 0.167, "y": 0.167 },
              "t": 26,
              "s": [200.769, 329.951, 0],
              "to": [-0.013, 0.002, 0],
              "ti": [-0.01, 0.012, 0]
            },
            {
              "i": { "x": 0.833, "y": 0.833 },
              "o": { "x": 0.167, "y": 0.167 },
              "t": 29,
              "s": [200, 326.438, 0],
              "to": [48.975, -60.126, 0],
              "ti": [-29.398, 35.777, 0]
            },
            {
              "i": { "x": 0.833, "y": 0.833 },
              "o": { "x": 0.167, "y": 0.167 },
              "t": 38,
              "s": [329.514, 178.523, 0],
              "to": [88.984, -108.292, 0],
              "ti": [-1.672, 1.114, 0]
            },
            { "t": 50, "s": [493.5, 150.18, 0] }
          ],
          "ix": 2
        },
        "a": { "a": 0, "k": [64.9, 128.582, 0], "ix": 1 },
        "s": {
          "a": 1,
          "k": [
            {
              "i": { "x": [0.833, 0.833, 0.833], "y": [0.833, 0.833, 0.833] },
              "o": { "x": [0.167, 0.167, 0.167], "y": [0.167, 0.167, 0.167] },
              "t": 0,
              "s": [136, 136, 100]
            },
            {
              "i": { "x": [0.833, 0.833, 0.833], "y": [0.833, 0.833, 0.833] },
              "o": { "x": [0.167, 0.167, 0.167], "y": [0.167, 0.167, 0.167] },
              "t": 24,
              "s": [136, 136, 100]
            },
            {
              "i": { "x": [0.833, 0.833, 0.833], "y": [0.833, 0.833, 0.833] },
              "o": { "x": [0.167, 0.167, 0.167], "y": [0.167, 0.167, 0.167] },
              "t": 26,
              "s": [70, 136, 100]
            },
            { "t": 29, "s": [136, 136, 100] }
          ],
          "ix": 6
        }
      },
      "ao": 0,
      "shapes": [
        {
          "ty": "gr",
          "it": [
            {
              "ind": 0,
              "ty": "sh",
              "ix": 1,
              "ks": {
                "a": 0,
                "k": {
                  "i": [
                    [-5.361, 0.804],
                    [2.647, -0.973],
                    [2.932, 0.062],
                    [1.446, 0.307],
                    [1.388, 0.519],
                    [1.275, 0.729],
                    [0.619, 0.394],
                    [0, 0],
                    [0, 0],
                    [0.502, 0.269],
                    [1.024, 0.485],
                    [2.247, 0.513],
                    [5.305, -1.142],
                    [-2.613, 1.092],
                    [-2.935, 0.021],
                    [-1.452, -0.265],
                    [-1.396, -0.466],
                    [-1.3, -0.662],
                    [-0.631, -0.363],
                    [-0.624, -0.424],
                    [0, 0],
                    [-0.478, -0.3],
                    [-0.99, -0.537],
                    [-2.238, -0.572]
                  ],
                  "o": [
                    [-1.933, 1.975],
                    [-2.662, 0.961],
                    [-1.466, -0.027],
                    [-1.46, -0.266],
                    [-1.383, -0.529],
                    [-0.651, -0.35],
                    [0, 0],
                    [0, 0],
                    [-0.491, -0.296],
                    [-0.974, -0.604],
                    [-2.045, -0.984],
                    [-4.499, -1.008],
                    [1.795, -2.109],
                    [2.631, -1.071],
                    [1.467, -0.017],
                    [1.464, 0.22],
                    [1.395, 0.476],
                    [0.656, 0.328],
                    [0.627, 0.388],
                    [0, 0],
                    [0.47, 0.317],
                    [0.933, 0.648],
                    [1.996, 1.04],
                    [4.477, 1.165]
                  ],
                  "v": [
                    [29.356, 3.289],
                    [22.284, 7.613],
                    [13.794, 8.981],
                    [9.408, 8.487],
                    [5.148, 7.237],
                    [1.168, 5.307],
                    [-0.685, 4.124],
                    [-2.355, 2.91],
                    [-3.707, 1.984],
                    [-5.175, 1.084],
                    [-8.185, -0.526],
                    [-14.622, -2.757],
                    [-29.356, -2.64],
                    [-22.511, -7.35],
                    [-14.049, -9.026],
                    [-9.65, -8.673],
                    [-5.367, -7.576],
                    [-1.335, -5.825],
                    [0.554, -4.735],
                    [2.445, -3.485],
                    [3.905, -2.366],
                    [5.312, -1.402],
                    [8.223, 0.325],
                    [14.564, 2.765]
                  ],
                  "c": true
                },
                "ix": 2
              },
              "nm": "Tracé 1",
              "mn": "ADBE Vector Shape - Group",
              "hd": false
            },
            {
              "ty": "fl",
              "c": { "a": 0, "k": [0, 0, 0, 1], "ix": 4 },
              "o": { "a": 0, "k": 100, "ix": 5 },
              "r": 1,
              "bm": 0,
              "nm": "Fond 1",
              "mn": "ADBE Vector Graphic - Fill",
              "hd": false
            },
            {
              "ty": "tr",
              "p": { "a": 0, "k": [34.204, 128.861], "ix": 2 },
              "a": { "a": 0, "k": [0, 0], "ix": 1 },
              "s": { "a": 0, "k": [100, 100], "ix": 3 },
              "r": { "a": 0, "k": 0, "ix": 6 },
              "o": { "a": 0, "k": 100, "ix": 7 },
              "sk": { "a": 0, "k": 0, "ix": 4 },
              "sa": { "a": 0, "k": 0, "ix": 5 },
              "nm": "Transformer "
            }
          ],
          "nm": "Groupe 1",
          "np": 2,
          "cix": 2,
          "bm": 0,
          "ix": 1,
          "mn": "ADBE Vector Group",
          "hd": false
        },
        {
          "ty": "gr",
          "it": [
            {
              "ind": 0,
              "ty": "sh",
              "ix": 1,
              "ks": {
                "a": 0,
                "k": {
                  "i": [
                    [15.264, 2.531],
                    [-1.759, 10.613],
                    [-15.264, -2.531],
                    [1.76, -10.613]
                  ],
                  "o": [
                    [-15.264, -2.531],
                    [1.76, -10.613],
                    [15.264, 2.531],
                    [-1.76, 10.613]
                  ],
                  "v": [
                    [-3.186, 19.216],
                    [-27.639, -4.583],
                    [3.186, -19.216],
                    [27.637, 4.582]
                  ],
                  "c": true
                },
                "ix": 2
              },
              "nm": "Tracé 1",
              "mn": "ADBE Vector Shape - Group",
              "hd": false
            },
            {
              "ty": "st",
              "c": { "a": 0, "k": [0, 0, 0, 1], "ix": 3 },
              "o": { "a": 0, "k": 100, "ix": 4 },
              "w": { "a": 0, "k": 6, "ix": 5 },
              "lc": 2,
              "lj": 2,
              "bm": 0,
              "nm": "Contour 1",
              "mn": "ADBE Vector Graphic - Stroke",
              "hd": false
            },
            {
              "ty": "tr",
              "p": { "a": 0, "k": [34.675, 128.669], "ix": 2 },
              "a": { "a": 0, "k": [0, 0], "ix": 1 },
              "s": { "a": 0, "k": [100, 100], "ix": 3 },
              "r": { "a": 0, "k": 0, "ix": 6 },
              "o": { "a": 0, "k": 100, "ix": 7 },
              "sk": { "a": 0, "k": 0, "ix": 4 },
              "sa": { "a": 0, "k": 0, "ix": 5 },
              "nm": "Transformer "
            }
          ],
          "nm": "Groupe 2",
          "np": 2,
          "cix": 2,
          "bm": 0,
          "ix": 2,
          "mn": "ADBE Vector Group",
          "hd": false
        },
        {
          "ty": "gr",
          "it": [
            {
              "ind": 0,
              "ty": "sh",
              "ix": 1,
              "ks": {
                "a": 0,
                "k": {
                  "i": [
                    [15.264, 2.531],
                    [-1.759, 10.613],
                    [-15.264, -2.531],
                    [1.76, -10.613]
                  ],
                  "o": [
                    [-15.264, -2.531],
                    [1.76, -10.613],
                    [15.264, 2.531],
                    [-1.76, 10.613]
                  ],
                  "v": [
                    [-3.186, 19.216],
                    [-27.639, -4.583],
                    [3.186, -19.216],
                    [27.637, 4.582]
                  ],
                  "c": true
                },
                "ix": 2
              },
              "nm": "Tracé 1",
              "mn": "ADBE Vector Shape - Group",
              "hd": false
            },
            {
              "ty": "fl",
              "c": {
                "a": 0,
                "k": [0.41568627451, 0.223850160487, 0.16366629507, 1],
                "ix": 4
              },
              "o": { "a": 0, "k": 100, "ix": 5 },
              "r": 1,
              "bm": 0,
              "nm": "Fond 1",
              "mn": "ADBE Vector Graphic - Fill",
              "hd": false
            },
            {
              "ty": "tr",
              "p": { "a": 0, "k": [34.675, 128.669], "ix": 2 },
              "a": { "a": 0, "k": [0, 0], "ix": 1 },
              "s": { "a": 0, "k": [100, 100], "ix": 3 },
              "r": { "a": 0, "k": 0, "ix": 6 },
              "o": { "a": 0, "k": 100, "ix": 7 },
              "sk": { "a": 0, "k": 0, "ix": 4 },
              "sa": { "a": 0, "k": 0, "ix": 5 },
              "nm": "Transformer "
            }
          ],
          "nm": "Groupe 3",
          "np": 2,
          "cix": 2,
          "bm": 0,
          "ix": 3,
          "mn": "ADBE Vector Group",
          "hd": false
        }
      ],
      "ip": 0,
      "op": 50,
      "st": 0,
      "bm": 0
    },
    {
      "ddd": 0,
      "ind": 3,
      "ty": 4,
      "nm": "Grand trait",
      "sr": 1,
      "ks": {
        "o": { "a": 0, "k": 100, "ix": 11 },
        "r": { "a": 0, "k": 0, "ix": 10 },
        "p": { "a": 0, "k": [264, 252.5, 0], "ix": 2 },
        "a": { "a": 0, "k": [264, 252.5, 0], "ix": 1 },
        "s": { "a": 0, "k": [100, 100, 100], "ix": 6 }
      },
      "ao": 0,
      "shapes": [
        {
          "ty": "gr",
          "it": [
            {
              "ind": 0,
              "ty": "sh",
              "ix": 1,
              "ks": {
                "a": 0,
                "k": {
                  "i": [
                    [-45.975, 51.247],
                    [0, 0]
                  ],
                  "o": [
                    [0, 0],
                    [0, 0]
                  ],
                  "v": [
                    [49.962, -60.37],
                    [-68.963, 76.87]
                  ],
                  "c": true
                },
                "ix": 2
              },
              "nm": "Tracé 1",
              "mn": "ADBE Vector Shape - Group",
              "hd": false
            },
            {
              "ty": "st",
              "c": { "a": 0, "k": [0, 0, 0, 1], "ix": 3 },
              "o": { "a": 0, "k": 100, "ix": 4 },
              "w": { "a": 0, "k": 15, "ix": 5 },
              "lc": 2,
              "lj": 2,
              "bm": 0,
              "nm": "Contour 1",
              "mn": "ADBE Vector Graphic - Stroke",
              "hd": false
            },
            {
              "ty": "tr",
              "p": { "a": 0, "k": [274.097, 242.895], "ix": 2 },
              "a": { "a": 0, "k": [0, 0], "ix": 1 },
              "s": { "a": 0, "k": [100, 100], "ix": 3 },
              "r": { "a": 0, "k": 0, "ix": 6 },
              "o": { "a": 0, "k": 100, "ix": 7 },
              "sk": { "a": 0, "k": 0, "ix": 4 },
              "sa": { "a": 0, "k": 0, "ix": 5 },
              "nm": "Transformer "
            }
          ],
          "nm": "Groupe 1",
          "np": 2,
          "cix": 2,
          "bm": 0,
          "ix": 1,
          "mn": "ADBE Vector Group",
          "hd": false
        },
        {
          "ty": "tm",
          "s": {
            "a": 1,
            "k": [
              {
                "i": { "x": [0.833], "y": [0.833] },
                "o": { "x": [0.167], "y": [0.167] },
                "t": 29,
                "s": [46]
              },
              {
                "i": { "x": [0.833], "y": [0.833] },
                "o": { "x": [0.167], "y": [0.167] },
                "t": 37,
                "s": [0]
              },
              {
                "i": { "x": [0.833], "y": [0.833] },
                "o": { "x": [0.167], "y": [0.167] },
                "t": 48,
                "s": [0]
              },
              { "t": 60, "s": [0] }
            ],
            "ix": 1
          },
          "e": {
            "a": 1,
            "k": [
              {
                "i": { "x": [0.833], "y": [0.833] },
                "o": { "x": [0.167], "y": [0.167] },
                "t": 29,
                "s": [49]
              },
              {
                "i": { "x": [0.833], "y": [0.833] },
                "o": { "x": [0.167], "y": [0.167] },
                "t": 37,
                "s": [100]
              },
              {
                "i": { "x": [0.833], "y": [0.833] },
                "o": { "x": [0.167], "y": [0.167] },
                "t": 48,
                "s": [100]
              },
              { "t": 60, "s": [0] }
            ],
            "ix": 2
          },
          "o": { "a": 0, "k": 0, "ix": 3 },
          "m": 1,
          "ix": 2,
          "nm": "Réduire les tracés 1",
          "mn": "ADBE Vector Filter - Trim",
          "hd": false
        }
      ],
      "ip": 26,
      "op": 60,
      "st": 0,
      "bm": 0
    },
    {
      "ddd": 0,
      "ind": 4,
      "ty": 4,
      "nm": "Petit trait",
      "sr": 1,
      "ks": {
        "o": { "a": 0, "k": 100, "ix": 11 },
        "r": { "a": 0, "k": 0, "ix": 10 },
        "p": { "a": 0, "k": [213, 213, 0], "ix": 2 },
        "a": { "a": 0, "k": [213, 213, 0], "ix": 1 },
        "s": { "a": 0, "k": [100, 100, 100], "ix": 6 }
      },
      "ao": 0,
      "shapes": [
        {
          "ty": "gr",
          "it": [
            {
              "ind": 0,
              "ty": "sh",
              "ix": 1,
              "ks": {
                "a": 0,
                "k": {
                  "i": [
                    [26.946, 31.855],
                    [0, 0]
                  ],
                  "o": [
                    [0, 0],
                    [0, 0]
                  ],
                  "v": [
                    [-28.919, -33.282],
                    [40.419, 47.782]
                  ],
                  "c": true
                },
                "ix": 2
              },
              "nm": "Tracé 1",
              "mn": "ADBE Vector Shape - Group",
              "hd": false
            },
            {
              "ty": "st",
              "c": { "a": 0, "k": [0, 0, 0, 1], "ix": 3 },
              "o": { "a": 0, "k": 100, "ix": 4 },
              "w": { "a": 0, "k": 15, "ix": 5 },
              "lc": 2,
              "lj": 2,
              "bm": 0,
              "nm": "Contour 1",
              "mn": "ADBE Vector Graphic - Stroke",
              "hd": false
            },
            {
              "ty": "tr",
              "p": { "a": 0, "k": [164.715, 271.982], "ix": 2 },
              "a": { "a": 0, "k": [0, 0], "ix": 1 },
              "s": { "a": 0, "k": [100, 100], "ix": 3 },
              "r": { "a": 0, "k": 0, "ix": 6 },
              "o": { "a": 0, "k": 100, "ix": 7 },
              "sk": { "a": 0, "k": 0, "ix": 4 },
              "sa": { "a": 0, "k": 0, "ix": 5 },
              "nm": "Transformer "
            }
          ],
          "nm": "Groupe 1",
          "np": 2,
          "cix": 2,
          "bm": 0,
          "ix": 1,
          "mn": "ADBE Vector Group",
          "hd": false
        },
        {
          "ty": "tm",
          "s": {
            "a": 1,
            "k": [
              {
                "i": { "x": [0.833], "y": [0.833] },
                "o": { "x": [0.167], "y": [0.167] },
                "t": 20,
                "s": [0]
              },
              {
                "i": { "x": [0.833], "y": [0.833] },
                "o": { "x": [0.167], "y": [0.167] },
                "t": 31,
                "s": [0]
              },
              {
                "i": { "x": [0.833], "y": [0.833] },
                "o": { "x": [0.167], "y": [0.167] },
                "t": 44,
                "s": [0]
              },
              { "t": 51, "s": [50] }
            ],
            "ix": 1
          },
          "e": {
            "a": 1,
            "k": [
              {
                "i": { "x": [0.833], "y": [0.833] },
                "o": { "x": [0.167], "y": [0.167] },
                "t": 20,
                "s": [0]
              },
              {
                "i": { "x": [0.833], "y": [0.833] },
                "o": { "x": [0.167], "y": [0.167] },
                "t": 31,
                "s": [100]
              },
              {
                "i": { "x": [0.833], "y": [0.833] },
                "o": { "x": [0.167], "y": [0.167] },
                "t": 44,
                "s": [51]
              },
              { "t": 51, "s": [50] }
            ],
            "ix": 2
          },
          "o": { "a": 0, "k": 0, "ix": 3 },
          "m": 1,
          "ix": 2,
          "nm": "Réduire les tracés 1",
          "mn": "ADBE Vector Filter - Trim",
          "hd": false
        }
      ],
      "ip": 20,
      "op": 60,
      "st": 0,
      "bm": 0
    }
  ],
  "markers": []
}
